<resources>
    <!-- ПРИМЕЧАНИЯ для переводчиков:
        - перевод нужно делать только того текста, который внутри тега <string>ТЕКСТ</string>
        - английские слова не нужно переводить
        - есть специальные символы в тексте, которые не нужно изменять, например:
            1) \n
            2) %1$s %2$s
            3) %1$.1fx
            4) %1$.5f %2$.5f
            5) %1$.1f
            6) %1$d
            7) %1$d° %2$d°
            8) %2$d
            9) \%%
            10) %1$d\%%
            11) /
        символы, которые начинаются на % используются для поставления чисел или текстов при запущенной программы
    -->

    <string name="app_name">Droid Dashcam - Видеорегистратор для вождения</string>

    <string name="any_text">Любое</string>
    <string name="close">Закрыть</string>
    <string name="default_text">По умолчанию</string>
    <string name="disabled_text">Отключено</string>
    <string name="no_ads_text">(без рекламы)</string>
    <string name="zoom_value_reset">%1$.1fx\nзум\nсброс</string>

    <string name="camera">Камера</string>
    <string name="camera_aperture">\nДиафрагма: %1$s</string>
    <string name="camera_back">Задняя камера</string>
    <string name="camera_background_permission_error_msg">Необходимо запустить один раз приложение, чтобы иметь доступ к камере в фоновом режиме</string>
    <string name="camera_error_busy">DroidDashcam: Видеозапись остановлена, так как камера используется другим приложением</string>
    <string name="camera_error_text">DroidDashcam: Видеозапись остановлена, так как камера устройства перестала работать</string>
    <string name="camera_external">Внешняя USB-камера</string>
    <string name="camera_focal_length">(Фокусное расстояние: %1$s)</string>
    <string name="camera_fov_text">\nУглы обзора (16:9): %1$d° (горизонтальный), %2$d° (вертикальный)</string>
    <string name="camera_front">Фронтальна камера</string>
    <string name="camera_msg_error_in_use_text">Камера использовалась другим приложением.\nПожалуйста, не запускайте другие приложения, которые могут использовать камеру во время записи видео.\nAndroid позволяет одновременно только одному приложению использовать камеру</string>
    <string name="camera_msg_error_unknown_text">Камера временно (была) недоступна для открытия на вашем устройстве (системная ошибка камеры)</string>
    <string name="camera_support_error">Произошла ошибка при использовании камеры.\n%1$s.</string>

    <string name="dialog_camera_not_found_msg_text">Это устройство не имеет встроенной камеры и не поддерживает внешние камеры. Закрытие…</string>
    <string name="dialog_camera_not_found_text">Камера не найдена</string>
    <string name="dialog_go_to_settings_text">Открыть настройки</string>
    <string name="dialog_report_the_error_text_btn">Сообщите об ошибке</string>
    <string name="dialog_select_camera_text">Выбрать камеру</string>
    <string name="dialog_skip_btn_title">Пропустить</string>
    <string name="dialog_unlock_video_text">Отменить блокировку текущего видео от перезаписи?</string>

    <string name="donate_dlg_wallet_text">Номер кошелька: %1$s\n\nНажмите кнопку, чтобы скопировать номер</string>
    <string name="donate_dlg_wallet_yandex_text">Номер кошелька: %1$s\n\nНажмите кнопку, чтобы открыть ссылку для отправки денег сейчас или кнопку, чтобы скопировать номер кошелька</string>
    <string name="donate_success_thanks_msg_text">Большое спасибо за поддержку!</string>
    <string name="donation_dlg_has_ads_text">Чтобы убрать рекламу, пожертвование должно составлять %1$s или больше.</string>
    <string name="donation_dlg_no_ads_text">У вас нет рекламы.</string>
    <string name="donation_level_text">Ваш уровень пожертвования:</string>
    <string name="donation_purchase_info_loading_text">Информация о покупках еще не загружена\nДоступно ли подключение к сети и вход в Google аккаунт выполнен?</string>
    <string name="donation_subs_check_box_text">Поддерживать ежемесячно (без рекламы при любой сумме)</string>
    <string name="donation_subs_manage_btn_text">Отменить подписку</string>

    <string name="format_degrees">Координаты: %1$.5f, %2$.5f</string>
    <string name="format_gb">%1$d Гигабайт</string>
    <string name="format_gb_float">%1$.1f Гигабайт</string>
    <string name="format_hz">%1$d Гц</string>
    <string name="format_kbits">%1$d кбит/с</string>
    <string name="format_mbits">%1$d Мбит/с</string>
    <string name="format_meters">%1$s м</string>
    <string name="format_speed">GPS Скорость: %1$.1f км/ч</string>
    <string name="format_speed_measure">км/ч</string>
    <string name="format_speed_mph">GPS Скорость: %1$.1f mph</string>
    <string name="format_speed_none">GPS Скорость: - км/ч</string>
    <string name="format_speed_none_mph">GPS Скорость: - mph</string>
    <string name="format_altitude">Высота: %1$s м</string>
    <string name="format_minutes">%1$d мин.</string>

    <string name="msg_activity_battery_is_not_ignoring_msg_text">Droid Dashcam не исключено из оптимизации батареи.\nЕсли камера не работает в фоновом режиме или что-то еще, то добавьте это приложение в исключения энергосберегающего режима.</string>
    <string name="msg_android_r_deleting_manual_tip_text">Если вы переустанавливали приложение на Android 11, то старые файлы необходимо удалить вручную</string>
    <string name="msg_app_has_lost_camera_control_text">Для DroidDashcam утеряно управление камерой.\nПожалуйста, откройте DroidDashcam еще раз, чтобы вернуть управление камерой.</string>
    <string name="msg_battery_optimization_tip_text">Оптимизация батареи -> Все приложения -> %1$s -> Не оптимизировать/экономить</string>
    <string name="msg_camera_died_text">DroidDashcam: Камера неожиданно прекратила свою работу,  перезапуск…</string>
    <string name="msg_close_settings_before_recording_text">Закройте настройки приложения перед началом записи</string>
    <string name="msg_could_not_enable_microphone">Не удалось включить микрофон, запись продолжится без звука</string>
    <string name="msg_could_not_found_autostart_settings_text">Не удалось открыть эти настройки из этого приложения, попробуйте найти их с помощью стандартного приложения системных настроек устройства по умолчанию</string>
    <string name="msg_could_not_open_text">Не удалось открыть приложение…</string>
    <string name="msg_could_not_start_floating_window_text">Не удалось запустить плавающее окно</string>
    <string name="msg_detected_impact_text">G-сенсор обнаружил удар, видео будет заблокировано от перезаписи</string>
    <string name="msg_initializing_please_wait">Инициализация… Подождите, пожалуйста!</string>
    <string name="msg_no_browser">Пожалуйста, установите веб-приложение для открытия ссылки</string>
    <string name="msg_no_gps_signal">Нет GPS сигнала</string>
    <string name="msg_no_network_to_fetch_address_text">Нет сети для получения адреса или попробуйте перезагрузить устройство</string>
    <string name="msg_no_permission_to_delete_file">Не удалось удалить видеофайл %1$s. Возможно, вы переустановили приложение, и разрешение на файл было потеряно, попробуйте удалить его вручную</string>
    <string name="msg_not_enough_memory_free_some_text">Освободите место, чтобы продолжить запись видео</string>
    <string name="msg_not_enough_memory_text">Недостаточно памяти</string>
    <string name="msg_please_close_other_app_and_restart_text">Закройте другие приложения, использующие камеру, и перезапустите это приложение</string>
    <string name="msg_record_path_has_changed_text">Папка для записи была изменена с\n%1$s\n%2$s\nПоскольку недоступна или не было предоставлено разрешение на хранение (запись)</string>
    <string name="msg_recording_stopping_not_enough_memory_text">Остановка записи. Недостаточно памяти для продолжения</string>
    <string name="msg_settings_opened_stopped_recording_text">Остановка записи… (были открыты настройки)</string>
    <string name="msg_should_stop_recording_before_closing_service">Сначала остановите запись, затем вы сможете закрыть сервис</string>
    <string name="msg_stop_rec_too_fast_text">Пожалуйста, подождите секунду, прежде чем останавливать запись сразу после её начала</string>
    <string name="msg_stop_recording_to_change_camera_text">Чтобы сменить камеру, необходимо остановить текущую запись</string>
    <string name="msg_to_close_this_service_close_app">Чтобы закрыть эту службу, сначала сверните или закройте приложение Droid Dashcam</string>
    <string name="msg_video_become_locked_text">Видео будет заблокировано от перезаписи</string>
    <string name="msg_video_folder_size">Размер всех видео %1$s из разрешенного %2$s максимального объема</string>
    <string name="msg_video_has_locked_text">Видео заблокировано и сохранено, следующее видео тоже будет отмечено, как заблокированное (можно отменить по кнопке)</string>
    <string name="msg_video_rec_battery_not_enough_text">Недостаточно заряда батареи на устройстве.\nПоставьте на зарядку или включайте запись, если заряд выше 1%%</string>
    <string name="msg_video_recorder_error">Что-то пошло не так с видео модулем для записи.\n%1$s.</string>
    <string name="msg_voice_tts_lang_data_missing_text">Языковой пакет для TTS (Android синтезатор речи) не установлен. Включите Интернет, чтобы начать загрузку</string>
    <string name="msg_photo_was_saved">Фото сохранено</string>
    <string name="msg_photo_failed_to_take">Не удалось сделать фото</string>
    <string name="msg_camera_not_opened">Камера не запущена</string>

    <string name="notification_service_aux_checker">аудиоразъем(Aux)</string>
    <string name="notification_service_bl_checker">блютуза</string>
    <string name="notification_service_checker">анализ</string>
    <string name="notification_service_power_checker">зарядки</string>
    <string name="notification_start_service_error_sub_text">Нажмите на уведомление для запуска приложения. У вас нет разрешения на поверх всех приложений или устройство было заблокировано</string>
    <string name="notification_start_service_error_text">Не удалось запустить службу записи при загрузке устройства</string>
    <string name="notification_stop_text">Остановить</string>
    <string name="notification_subtitle_to_auto_start_stop_rec_text">Для авто вкл/выкл записи</string>

    <string name="permission_audio_dlg_msg">Аудио необходимо для записи аудиодорожки при видеозаписи</string>
    <string name="permission_audio_dlg_title">Аудио разрешение</string>
    <string name="permission_camera_dlg_msg">Камера необходима для видеозаписи и предварительного просмотра камеры.</string>
    <string name="permission_camera_dlg_title">Камера разрешение</string>
    <string name="permission_camera_request_canceled">Данное приложение требует разрешение использования камеры для записи видео. Но вы отклонили его. Закрытие…\nПопробуйте предоставить разрешение на камеру в настройках системы данному приложение</string>
    <string name="permission_location_dlg_explanation_msg">Когда приложение свернуто, Droid Dashcam использует местоположение в фоновом режиме для отрисовки координат, адреса и скорости на записываемом видео.</string>
    <string name="permission_location_dlg_explanation_settings_msg">На Android 11 (R) вам нужно вручную выбрать «Все время (в любом режиме)» в системных настройках, чтобы разрешить использовать местоположение в фоне. Настройки будут открыты после этого окна.</string>
    <string name="permission_location_dlg_msg">Местоположение необходимо для определения скорости транспорта по GPS данным, текущего адреса и координат для отображения на экране и для записи субтитров на видео</string>
    <string name="permission_location_dlg_title">Местоположение разрешение</string>
    <string name="permission_storage_dlg_msg">Хранилище необходимо для сохранения видео в общую папку и для режима циклической записи</string>
    <string name="permission_storage_dlg_title">Хранилище разрешение</string>
    <string name="permissions_audio_location_dlg_title">Аудио и Местоположение разрешения</string>
    <string name="permissions_audio_location_storage_dlg_title">Аудио, Местоположение и Хранилище разрешения</string>
    <string name="permissions_audio_storage_dlg_title">Аудио и Хранилище разрешения</string>
    <string name="permissions_camera_location_dlg_title">Камера и Местоположение разрешения</string>
    <string name="permissions_location_storage_dlg_title">Местоположение и Хранилище разрешения</string>

    <string name="prefs_address_geocoding_no_support_text">Отключено, потому что устройство не поддерживает геокодирование</string>
    <string name="prefs_animated_rec_circle_sum_text">Показывать анимацию вокруг кнопки запуска записи</string>
    <string name="prefs_animated_rec_circle_text">Анимация при записи</string>
    <string name="prefs_audio_bitrate_text">Битрейт (качество)</string>
    <string name="prefs_audio_rate_text">Частота дискретизации</string>
    <string name="prefs_audio_recording_text">Аудиозапись</string>
    <string name="prefs_audio_settings_sum_text">Качество, выкл/вкл запись звука</string>
    <string name="prefs_audio_settings_text">Настройки звука</string>
    <string name="prefs_audio_stereo_text">Стерео</string>
    <string name="prefs_aux_auto_start_sum_text">Автоматически запускает запись при подключении в аудио разъем (AUX). Чтобы служба аудио запустилась после перезагрузки устройства необходимо, чтобы устройство (экран) было разблокировано, если есть пароль</string>
    <string name="prefs_aux_auto_start_text">Запустить при подключении в аудио разъем (AUX)</string>
    <string name="prefs_aux_auto_stop_text">Остановить при отключении от аудио разъема (AUX)</string>
    <string name="prefs_background_location_sum_text">Разрешение не предоставлено. Оно необходимо для обновления скорости, адреса и координат во время записи видео в фоновом режиме. Нажмите здесь, чтобы исправить это сейчас</string>
    <string name="prefs_background_location_text">Местоположение в фоновом режиме</string>
    <string name="prefs_battery_optimization_sum_text">Оптимизация батареи может препятствовать корректной работе приложения (например, использование камеры или обновление местоположения во время записи видео в фоновом режиме). Нажмите здесь, чтобы отключить ее для данного приложения сейчас</string>
    <string name="prefs_battery_optimization_text">Оптимизация батареи</string>
    <string name="prefs_bl_auto_start_sum_text">Автоматически запускает запись, когда блютуз устройство подключается. Чтобы служба отслеживания блютуза запустилась после перезагрузки устройства необходимо, чтобы устройство (экран) было разблокировано, если есть пароль</string>
    <string name="prefs_bl_auto_start_text">Запустить при подключении блютуз устройства</string>
    <string name="prefs_bl_auto_stop_text">Остановить при отключении блютуз устройства</string>
    <string name="prefs_boot_auto_start_sum_text">Начинает запись автоматически при запуске системы, устройство (экран) должно быть разблокировано, если есть пароль. После загрузки может пройти несколько минут, прежде чем система сообщит приложению о своем запуске</string>
    <string name="prefs_boot_auto_start_text">При загрузке системы</string>
    <string name="prefs_day_night_mode_auto_text">Автоматический (день/ночь), по времени</string>
    <string name="prefs_day_night_mode_day_text">День</string>
    <string name="prefs_day_night_mode_night_text">Ночь</string>
    <string name="prefs_donate_action_text">Пожертвовать</string>
    <string name="prefs_donate_disable_ads_text">Пожертвование, Убрать рекламу</string>
    <string name="prefs_donate_sum_text">Поддержать разработку приложения</string>
    <string name="prefs_donate_text">Пожертвование</string>
    <string name="prefs_faq_sum_text">Ответы на частые вопросы</string>
    <string name="prefs_fps_value_from_to_stable_text">от %1$d до %2$d (только день, стабильно)</string>
    <string name="prefs_fps_value_from_to_text">от %1$d до %2$d (день и ночь)</string>
    <string name="prefs_gps_accuracy_text">Игнорировать GPS данные с ошибкой выше</string>
    <string name="prefs_gps_disabled_gps_and_google_text">Показывать предупреждение, когда GPS и геолокация Google отключены</string>
    <string name="prefs_gps_disabled_gps_only_text">Показывать предупреждение, только если GPS отключен</string>
    <string name="prefs_gps_disabled_no_warning_text">Не показывать предупреждение и кнопку исправления</string>
    <string name="prefs_gps_disabled_warning_text">Предупреждение об отключенном GPS, кнопка исправить</string>
    <string name="prefs_info_more_category_text">Информация / Больше…</string>
    <string name="prefs_kill_services_sum_text">На вашем устройстве обнаружены настройки для разрешения автозапуска приложений и их работы в фоновом режиме. Нажмите здесь и добавьте приложение в исключения (позволить автозапуск и так далее), чтобы разрешить работу в фоновом режиме и при выключенном экране, если запрещено</string>
    <string name="prefs_kill_services_text">Разрешение работы в фоновом режиме</string>
    <string name="prefs_launch_app_none_text">Не выбрано</string>
    <string name="prefs_launch_app_text">Приложение для запуска по кнопке</string>
    <string name="prefs_location_manager">Location Manager (устаревший метод)</string>
    <string name="prefs_location_method_provider_sum_text">Если значения скорости плохие, то попробуйте старый метод\nЕсли значения равны нулю или редко обновляются, то попробуйте новый метод</string>
    <string name="prefs_location_provider_method_text">Метод получения местоположения (GPS)</string>
    <string name="prefs_meters_accuracy_value_text">%1$s метров точности</string>
    <string name="prefs_optical_zoom_text">Оптический зум (масштабирование) / Фокусное расстояние</string>
    <string name="prefs_other_auto_deleting_sum_text">Автоматически удалять самые старые видео во время записи, если для новых видео недостаточно места</string>
    <string name="prefs_other_auto_deleting_text">Циклическая запись</string>
    <string name="prefs_other_auto_start_sum_text">Начать видеозапись автоматически при запуске приложения</string>
    <string name="prefs_other_auto_start_text">При запуске приложения</string>
    <string name="prefs_other_keep_screen_on_text">Оставлять экран включенным</string>
    <string name="prefs_other_miles_sum_text">Включите, чтобы использовать мили вместо километров</string>
    <string name="prefs_other_miles_text">Отображать в милях</string>
    <string name="prefs_other_path_text">Расположение видеозаписей (папка/путь)</string>
    <string name="prefs_other_path_photo_text">Расположение фото (папка/путь)</string>
    <string name="prefs_other_settings_sum_text">Расположение видеозаписей (папка сохранения), продолжительность видео, циклическая запись, G-сенсор, GPS</string>
    <string name="prefs_other_settings_text">Другие настройки</string>
    <string name="prefs_other_show_address_text">Текущий адрес местоположения</string>
    <string name="prefs_other_show_altitude_text">Высота над уровнем моря</string>
    <string name="prefs_other_show_coordinates_text">Координаты</string>
    <string name="prefs_other_show_speed_text">Текущая скороcть</string>
    <string name="prefs_other_show_ui_elements_text">Элементы для отображения на экране</string>
    <string name="prefs_other_video_duration_text">Длительность видео - как часто сохранять</string>
    <string name="prefs_overlay_app_btn_text">Запустить приложение</string>
    <string name="prefs_overlay_buttons_text">Кнопки/элементы на плавающем окне</string>
    <string name="prefs_overlay_close_btn_text">Закрыть окно</string>
    <string name="prefs_overlay_drag_btn_text">Перетащить окно</string>
    <string name="prefs_overlay_speed_text">Показывать скорость</string>
    <string name="prefs_overlay_videos_btn_text">Открыть экран с видео</string>
    <string name="prefs_pinch_to_zoom_sum_text">Масштабирование двумя пальцами</string>
    <string name="prefs_pinch_to_zoom_text">Включить зум по экрану</string>
    <string name="prefs_policy_text">Политика конфиденциальности</string>
    <string name="prefs_power_auto_start_sum_text">Автоматически запускает запись при зарядке. Чтобы служба отслеживания зарядки запустилась после перезагрузки устройства необходимо, чтобы устройство (экран) было разблокировано, если есть пароль</string>
    <string name="prefs_power_auto_start_text">Запустить при подкючении зарядки</string>
    <string name="prefs_power_auto_stop_text">Остановить при отключении зарядки</string>
    <string name="prefs_rate_sum_text">Оценить приложение в Плей Маркете</string>
    <string name="prefs_rate_text">Оценить</string>
    <string name="prefs_recommendations_category_text">Рекомендации</string>
    <string name="prefs_rules_auto_lock_file_sum_text">Блокировать видео от автоудаления (перезаписи) при обнаружении удара</string>
    <string name="prefs_rules_auto_lock_file_text">G-сенсор (датчик удара)</string>
    <string name="prefs_rules_auto_lock_file_threshold_text">Чувствительность G-сенсора</string>
    <string name="prefs_rules_auto_lock_file_vibrate_text">Вибрация при обнаружении удара</string>
    <string name="prefs_rules_bl_auto_start_device_text">Выберите устройство Bluetooth или любое</string>
    <string name="prefs_rules_video_space_text">Максимальный объем памяти всех видео (циклическая запись)</string>
    <string name="prefs_screen_autostart_sum_text">При запуске приложения, вкл/выкл зарядки, загрузке системы</string>
    <string name="prefs_screen_autostart_text">Автозапуск записи</string>
    <string name="prefs_screen_ui_summary_text">Быстрое/длительное нажатие по экрану, отключение экрана, отображение адреса и скорости, всплывающее окно, кнопки и другое</string>
    <string name="prefs_screen_ui_title">Интерфейс (UI)</string>
    <string name="prefs_screen_video_day_night_mode_sum_text">Автоматически переключает дневной/ночной режимы камеры в определенное время</string>
    <string name="prefs_screen_video_day_night_mode_text">Настройки авто дневного/ночного режима</string>
    <string name="prefs_settings_bitrate_sum_text">%1$s\nБольше битрейт - лучше качество, но больше размер видеофайла</string>
    <string name="prefs_settings_fps_sum_text">%1$s\nБольше FPS - плавнее видео, но быстрее разряд батареи. Лучше задать первое значение наименьшим (второе может быть больше) для лучшей записи в темноте</string>
    <string name="prefs_share_sum_text">Отправьте это приложение своим знакомым</string>
    <string name="prefs_share_text">Поделиться</string>
    <string name="prefs_show_audio_btn_text">Вкл/выкл аудиозаписи</string>
    <string name="prefs_show_buttons_sum_text">Кнопки для смены камеры, вкл/выкл аудиозаписи, вспышки, ночной режим, блокировка видео от перезаписи</string>
    <string name="prefs_show_buttons_text">Кнопки на экране</string>
    <string name="prefs_show_camera_change_btn_text">Смена камеры</string>
    <string name="prefs_show_day_night_mode_btn_text">Дневной/ночной/авто режимы</string>
    <string name="prefs_show_flash_btn_text">Вкл/выкл вспышки</string>
    <string name="prefs_show_lock_btn_text">Блокировка видео от перезаписи</string>
    <string name="prefs_show_take_photo_btn_text">Сделать фото</string>
    <string name="prefs_show_overlay_btn_sum_text">Отображает окно с кнопками управления поверх всех приложений</string>
    <string name="prefs_show_overlay_btn_text">Отображать плавающее окно</string>
    <string name="prefs_show_status_bar_text">Показывать строку состояния системы</string>
    <string name="prefs_show_ui_elements_sum_text">Адрес, скорость, координаты</string>
    <string name="prefs_stabilization_eis_text">Электронная (цифровая, EIS) - рекомендуется</string>
    <string name="prefs_stabilization_not_supported_by_camera_or_device_text">Не поддерживается текущей камерой.\nЧасто производители ограничивают ее использование - доступна только в стандартном приложении Камера</string>
    <string name="prefs_stabilization_ois_text">Оптическая (OIS)</string>
    <string name="prefs_start_stop_voice_sum_text">Озвучивание при начале, остановке или ошибке записи</string>
    <string name="prefs_start_stop_voice_text">Озвучивать состояние записи</string>
    <string name="prefs_subtitles_address_text">Адрес</string>
    <string name="prefs_subtitles_color_text">Выбрать цвет субтитров</string>
    <string name="prefs_subtitles_coords_text">Координаты</string>
    <string name="prefs_subtitles_date_format_text">Формат даты</string>
    <string name="prefs_subtitles_date_text">Дата (время)</string>
    <string name="prefs_subtitles_date_time_system_text">Системное</string>
    <string name="prefs_subtitles_in_english_text">Субтитры на английском</string>
    <string name="prefs_subtitles_settings_sum_text">Накладывание титров на видео: Дата (время), адрес местоположения, координаты и скорость</string>
    <string name="prefs_subtitles_settings_text">Настройки субтитров</string>
    <string name="prefs_subtitles_size_text">Увеличить размер текста</string>
    <string name="prefs_subtitles_speed_text">Скорость</string>
    <string name="prefs_subtitles_sum_non_transparent_text">%1$d\%% (непрозрачный)</string>
    <string name="prefs_subtitles_time_format_text">Формат времени</string>
    <string name="prefs_subtitles_transparency_text">Прозрачность текста</string>
    <string name="prefs_subtitles_update_address_frequency_sum_text">%1$s\nЧем чаще обновления, тем быстрее садится батарея</string>
    <string name="prefs_frequent_network_requests_text"> (частые сетевые запросы)</string>
    <string name="prefs_subtitles_update_address_frequency_text">Частота обновления адреса</string>
    <string name="prefs_location_update_frequency_text">Частота обновления GPS</string>
    <string name="prefs_location_manager_gps_only_text">Обновлять местоположение только с помощью GPS (не использовать сеть)</string>
    <string name="prefs_support_sum_text">Сообщить об ошибке, сбое или сделать предложение</string>
    <string name="prefs_support_text">Поддержка (обратная связь)</string>
    <string name="prefs_system_alert_window_sum_text">Разрешить этому приложению отображаться поверх всех других приложений. Это необходимо для автоматического запуска/остановки записи видео или для отображения плавающего окна</string>
    <string name="prefs_system_alert_window_text">Разрешение поверх всех окон</string>
    <string name="prefs_tip_apply_auto_rec_on_text">Вернитесь на главный экран (записи), чтобы применить этот параметр и запустилась служба отслеживания %1$s</string>
    <string name="prefs_toolbar_title_setting">Настройки</string>
    <string name="prefs_ui_click_none_text">Ничего не делать</string>
    <string name="prefs_ui_click_start_stop_rec_text">Начать/остановить запись</string>
    <string name="prefs_ui_click_text">Быстрое нажатие по экрану</string>
    <string name="prefs_ui_long_click_text">Длительное нажатие по экрану</string>
    <string name="prefs_value_secs_few_text">%1$s секунды</string>
    <string name="prefs_value_secs_many_text">%1$s секунд</string>
    <string name="prefs_value_secs_one_text">%1$s секунда</string>
    <string name="prefs_value_secs_other_text">%1$s секунд</string>
    <string name="prefs_version_text">Версия приложения</string>
    <string name="prefs_video_bitrate_text">Битрейт (качество)</string>
    <string name="prefs_video_camera_control_scene_mode_night_text">Режим сцены управления камерой (ночь)</string>
    <string name="prefs_video_camera_control_scene_mode_text">Режим сцены управления камерой (день)</string>
    <string name="prefs_video_control_scene_mode_face_priority_text">Общая/Приоритет лиц</string>
    <string name="prefs_video_control_scene_mode_hdr_text">HDR (высокий динамический диапазон)</string>
    <string name="prefs_video_control_scene_mode_night_text">Ночь (для условий слабого освещения)</string>
    <string name="prefs_video_day_night_auto_mode_day_start_time_text">Время рассвета (восход солнца)</string>
    <string name="prefs_video_day_night_auto_mode_night_start_time_text">Время заката (заход солнца)</string>
    <string name="prefs_video_day_night_mode_text">Дневной, ночной или авто режим</string>
    <string name="prefs_video_exposure_night_text">Компенсация экспозиции (ночь)</string>
    <string name="prefs_video_exposure_text">Компенсация экспозиции (день)</string>
    <string name="prefs_video_flip_x_sum_text">Зеркальное отображение видео по горизонтали. Изображение меняется только для видеозаписи, превью не меняется</string>
    <string name="prefs_video_flip_x_text">Отразить видео горизонтально</string>
    <string name="prefs_video_focus_continuous_picture_text">Непрерывное изображение</string>
    <string name="prefs_video_focus_continuous_video_text">Непрерывное видео (рекомендуется днем)</string>
    <string name="prefs_video_focus_infinity_text">Бесконечность (рекомендуется ночью)</string>
    <string name="prefs_video_focus_night_text">Фокус камеры (ночь)</string>
    <string name="prefs_video_focus_text">Фокус камеры (день)</string>
    <string name="prefs_video_fps_range_text">Количество кадров в секунду (FPS)</string>
    <string name="prefs_video_hevc_sum_text">Записывать в формате HEVC (H.265), чтобы сэкономить место. Возможно, вы не сможете воспроизводить такие видео на других устройствах или приложениях для воспроизведения видео. Сбросит разрешение и битрейт после изменения</string>
    <string name="prefs_video_hevc_text">Высокоэффективное кодирование видеоизображений</string>
    <string name="prefs_video_orientation_text">Ориентация видео и телефона</string>
    <string name="prefs_video_resolution_text">Разрешение видео</string>
    <string name="prefs_video_settings_sum_text">Разрешение, битрейт, ориентация, фокус, камера, ночной режим</string>
    <string name="prefs_video_settings_text">Настройки видео</string>
    <string name="prefs_video_size_sum_text">%1$s\nБольше размер - быстрее разряжается батарея</string>
    <string name="prefs_video_space_unlimited">Неограниченно</string>
    <string name="prefs_video_stabilization_text">Стабилизация видео</string>
    <string name="prefs_zoom_text">Цифровой зум (масштабирование)</string>
    <string name="prefs_subtitles_custom_text_text">Дополнительный текст</string>
    <string name="prefs_subtitles_custom_text_sum_text">Например, автомобильный номер</string>
    <string name="prefs_float_size_increase_text">Размер кнопок на плавающем окне</string>
    <string name="prefs_orientation_landscape">Альбомная</string>
    <string name="prefs_orientation_landscape_reversed">Альбомная обратная</string>
    <string name="prefs_orientation_portrait">Портретная</string>
    <string name="prefs_g_sensor_force_very_high">Очень высокая</string>
    <string name="prefs_g_sensor_force_high">Высокая</string>
    <string name="prefs_g_sensor_force_normal">Нормальная</string>
    <string name="prefs_g_sensor_force_low">Низкая</string>
    <string name="prefs_g_sensor_force_very_low">Очень низкая</string>

    <string name="rec_day_night_btn_auto_text">Авто:\n%1$s</string>
    <string name="rec_fix_short_text">Исправ.</string>
    <string name="rec_fix_text">Исправить</string>
    <string name="rec_free_space_text">%1$s\nСвободно</string>
    <string name="rec_gps_status_satellites_few_text">%1$d спутники</string>
    <string name="rec_gps_status_satellites_many_text">%1$d спутников</string>
    <string name="rec_gps_status_satellites_one_text">%1$d спутник</string>
    <string name="rec_gps_status_satellites_other_text">%1$d спутников</string>
    <string name="rec_location_status_text">Местоположение: GPS %1$s, Сеть %2$s</string>
    <string name="rec_off_text">Выкл.</string>
    <string name="rec_on_text">Вкл.</string>

    <string name="recording_start_text">Начать запись</string>
    <string name="recording_started_failed_text">Ошибка при начале записи</string>
    <string name="recording_started_with_audio_text">Началась новая запись видео с аудиозаписью</string>
    <string name="recording_started_with_text">%1$s - запись началась</string>
    <string name="recording_started_without_audio_text">Началась новая запись видео без аудиозаписи</string>
    <string name="recording_stop_not_enough_space_msg">Недостаточно места. Свободное место %1$s</string>
    <string name="recording_stop_text">Остановить запись</string>
    <string name="recording_stopped_failed_text">Не удалось завершить запись корректно</string>
    <string name="recording_stopped_with_text">%1$s - запись остановлена</string>
    <string name="recording_text">Запись…</string>
    <string name="recording_voice_started_text">Запись началась</string>
    <string name="recording_voice_stopped_text">Запись остановлена</string>

    <string name="service_no_system_alert_window_granted_text">Не удалось запустить сервис Droid Dashcam для автоматического запуска/остановки записи, поскольку разрешение SYSTEM_ALERT_WINDOW (отображение поверх всех окон других приложений) не предоставлено.\nИли устройство было заблокировано в этот момент (ограничение на Android состоит в том, что устройство должно быть сначала разблокировано и его экран должен быть включен, прежде чем можно будет запустить службу для автоматической видеозаписи)</string>
    <string name="service_watch_on_boot_completed_text">При включении устройства</string>

    <string name="storage_external_single">MicroSD карта\n%1$s</string>
    <string name="storage_external_single_free">MicroSD карта (Свободно %1$s)\n%2$s</string>
    <string name="storage_phone">Память телефона\n%1$s</string>
    <string name="storage_phone_free">Память телефона (Свободно %1$s)\n%2$s</string>

    <string name="videos_count_one">%1$d видео</string>
    <string name="videos_count_other">%1$d видео</string>
    <string name="videos_deleting_text">Удаление файлов… Подождите, пожалуйста!</string>
    <string name="videos_dialog_delete_file_confirm_subtitle_one">Вы уверены, что хотите удалить данный видеофайл?</string>
    <string name="videos_dialog_delete_file_confirm_subtitle_other">Вы уверены, что хотите удалить данные видеофайлы?</string>
    <string name="videos_dialog_delete_folder_confirm_subtitle_one">Вы уверены, что хотите удалить данную видео папку?</string>
    <string name="videos_dialog_delete_folder_confirm_subtitle_other">Вы уверены, что хотите удалить данные видео папки?</string>
    <string name="videos_dialog_delete_multiple_files_title">Удалить %1$d видеофайлы</string>
    <string name="videos_dialog_delete_multiple_folders_title">Удалить %1$d видео папки</string>
    <string name="videos_empty_text">Видео отсутствуют</string>
    <string name="videos_file_action_lock_dlg_title">Заблокировать это видео от автоматического (перезаписи) удаления?</string>
    <string name="videos_file_deletion_mode">Режим удаления</string>
    <string name="videos_file_item_share">Поделиться</string>
    <string name="videos_file_item_watch">Смотреть</string>
    <string name="videos_file_sort_asc">Сортировка по возрастанию</string>
    <string name="videos_file_sort_desc">Сортировка по убыванию</string>
    <string name="videos_file_was_locked_text">Видео файл перемещен в защищенную папку</string>
    <string name="videos_item_mode_deletion_exit_text">Выйти с режима удаления</string>
    <string name="videos_locked_folder_text">Защищенные от перезаписи</string>
    <string name="videos_menu_delete">Удалить</string>
    <string name="videos_menu_refresh">Обновить</string>
    <string name="videos_menu_select_all">Выбрать все</string>
    <string name="videos_menu_sorting">Сортировка</string>
    <string name="videos_menu_storage">Память</string>
    <string name="videos_no_storage_permission_dlg_msg_text">Пожалуйста, откройте настройки приложения и разрешите доступ на хранение в памяти телефона</string>
    <string name="videos_no_storage_permission_dlg_title_text">Нет разрешения на хранение</string>
    <string name="videos_select_files_for_deleting">Выберите видео-файлы для удаления</string>
    <string name="videos_storage_select_dlg_title">Выберите хранилище видезаписей</string>
    <string name="videos_temporary_folder_text">Временные видео</string>
    <string name="videos_toolbar_subtitle">Видеозаписи</string>
</resources>